{"cameraMode":{"drawMode":0,"name":"Shaded","section":"Shading Mode"},"sceneLighting":true,"audioPlay":false,"sceneViewState":{"m_AlwaysRefresh":false,"showFog":true,"showSkybox":false,"showFlares":true,"showImageEffects":true,"showParticleSystems":true,"showVisualEffectGraphs":true,"m_FxEnabled":true},"in2DMode":false,"pivot":{"x":15.345834732055664,"y":0.6831760406494141,"z":-15.674068450927735},"rotation":{"x":0.1201697513461113,"y":0.39804893732070925,"z":-0.052684128284454349,"w":0.9079335927963257},"size":9.461528778076172,"orthographic":false}