{"cameraMode":{"drawMode":0,"name":"Shaded","section":"Shading Mode"},"sceneLighting":false,"audioPlay":false,"sceneViewState":{"m_AlwaysRefresh":false,"showFog":true,"showSkybox":false,"showFlares":true,"showImageEffects":true,"showParticleSystems":true,"showVisualEffectGraphs":true,"m_FxEnabled":true},"in2DMode":false,"pivot":{"x":-0.591038167476654,"y":-0.42072057723999026,"z":4.578967094421387},"rotation":{"x":0.26943132281303408,"y":-0.0022472443524748089,"z":0.0006290460587479174,"w":0.9630162715911865},"size":6.449483871459961,"orthographic":false}