{"cameraMode":{"drawMode":0,"name":"Shaded","section":"Shading Mode"},"sceneLighting":false,"audioPlay":false,"sceneViewState":{"m_AlwaysRefresh":false,"showFog":true,"showSkybox":false,"showFlares":true,"showImageEffects":true,"showParticleSystems":true,"showVisualEffectGraphs":true,"m_FxEnabled":true},"in2DMode":false,"pivot":{"x":-0.10399222373962403,"y":-0.5298781394958496,"z":-3.3915352821350099},"rotation":{"x":0.04195722937583923,"y":0.9576902985572815,"z":-0.2141825258731842,"w":0.1876106560230255},"size":5.2107086181640629,"orthographic":false}